{
    "loss": 0.0241712499409914,
    "accuracy": 0.9784172773361206
}