{
    "loss": 0.18553803861141205,
    "accuracy": 0.9568345546722412
}